"Target","Source","n","Weight"
"","353520385",2,2
"__redcat","1373056574",1,1
"__redcat","198102094",1,1
"__redcat","373589335",1,1
"__redcat","596753130",1,1
"_kraftsebastian","1252186177",1,1
"_kraftsebastian","17895011",1,1
"_kraftsebastian","21107582",1,1
"_kraftsebastian","24700850",1,1
"_kraftsebastian","2698831530",1,1
"_kraftsebastian","2722049123",1,1
"_kraftsebastian","2830440635",1,1
"_kraftsebastian","289525596",1,1
"_kraftsebastian","2974882234",1,1
"_kraftsebastian","4224722859",1,1
"_kraftsebastian","426664583",1,1
"_kraftsebastian","463726254",1,1
"_kraftsebastian","793778228",1,1
"_kraftsebastian","825730639194361856",1,1
"_kraftsebastian","901860816009482240",1,1
"_kraftsebastian","90524645",3,3
"_kraftsebastian","930505034",1,1
"100promensch","710812679695417344",1,1
"100promensch","908691835492732930",1,1
"1980yann","122480383",1,1
"1984reload","832320651381899264",1,1
"24mmjournalism","1004097176",1,1
"24mmjournalism","1028013247",1,1
"24mmjournalism","1198644284",1,1
"24mmjournalism","1303831124",1,1
"24mmjournalism","139493517",1,1
"24mmjournalism","14785687",2,2
"24mmjournalism","17930649",1,1
"24mmjournalism","1873548374",1,1
"24mmjournalism","21703164",1,1
"24mmjournalism","21739255",1,1
"24mmjournalism","224159675",1,1
"24mmjournalism","2427771371",3,3
"24mmjournalism","258428285",1,1
"24mmjournalism","259638173",1,1
"24mmjournalism","267461928",1,1
"24mmjournalism","2766136308",1,1
"24mmjournalism","2776064484",1,1
"24mmjournalism","2941978445",1,1
"24mmjournalism","3045905403",1,1
"24mmjournalism","328199458",1,1
"24mmjournalism","3305087134",1,1
"24mmjournalism","3622763115",1,1
"24mmjournalism","373967257",1,1
"24mmjournalism","3970662381",1,1
"24mmjournalism","4033189133",1,1
"24mmjournalism","4517767336",1,1
"24mmjournalism","47433235",1,1
"24mmjournalism","4887509297",1,1
"24mmjournalism","53152287",1,1
"24mmjournalism","580000094",1,1
"24mmjournalism","713530218300981248",1,1
"24mmjournalism","71479439",1,1
"24mmjournalism","717708601129836544",3,3
"24mmjournalism","733576813243301888",1,1
"24mmjournalism","754005538875252736",1,1
"24mmjournalism","756402174381416448",1,1
"24mmjournalism","811515368443445248",1,1
"24mmjournalism","892996270071140352",1,1
"24mmjournalism","92378038",1,1
"a_leimbach","2171118496",1,1
"aangelo_ge","19314965",1,1
"adivonpoes","183118752",1,1
"adivonpoes","259638173",1,1
"adivonpoes","265392958",1,1
"adivonpoes","4621226295",1,1
"adivonpoes","899212735770218497",1,1
"afd_bayern","2270148584",1,1
"afd_bayern","2999837297",1,1
"afd_bayern","533330971",1,1
"afd_bayern","757151613970739200",3,3
"afd_bayern","801836974285922305",1,1
"afd_bayern","904044880195936256",1,1
"afd_hd","2999837297",1,1
"afd_hd","4187629275",2,2
"afd_hd","786684499694325760",1,1
"afd_hd","817842489814118401",1,1
"afd_hd","855824260715118594",2,2
"afd_hd","887334582634328065",2,2
"afd_hd","895743256159551488",1,1
"afd_hd","899212735770218497",1,1
"afdnbg","125920442",1,1
"afdnbg","1352112025",1,1
"afdnbg","183409796",1,1
"afdnbg","2272974335",1,1
"afdnbg","2359589912",1,1
"afdnbg","2465907259",1,1
"afdnbg","3161840043",1,1
"afdnbg","350241525",1,1
"afdnbg","3909546753",1,1
"afdnbg","4141262475",1,1
"afdnbg","428445865",1,1
"afdnbg","4527127899",1,1
"afdnbg","4684435970",1,1
"afdnbg","4728055179",1,1
"afdnbg","628046813",1,1
"afdnbg","748257922422026242",2,2
"afdnbg","836338243364876290",1,1
"afdnbg","909172022651113473",1,1
"afdnbg","974317903",1,1
"ahlers_m","2530028126",1,1
"alexanderpoel","2439964185",1,1
"alexanderpoel","3251473204",1,1
"alexbarklage","113371429",1,1
"alles_fakemus","434460449",1,1
"amor_mundi","212240467",1,1
"andre_waechter","3383137925",1,1
"andre_waechter","3383455241",1,1
"andre_waechter","724953497469374464",1,1
"andre_waechter","729765418257285120",1,1
"andrea13662","2981382093",1,1
"andreasandy3131","2344913904",1,1
"aniesmann","2885573171",1,1
"aniesmann","370901523",1,1
"aniesmann","578949342",1,1
"aniesmann","581703328",1,1
"aniesmann","61431974",1,1
"aniesmann","78313705",1,1
"aniki_jt","3836707756",1,1
"anjaweisgerber","2904048473",1,1
"anjaweisgerber","370019702",1,1
"apvogt","330357834",1,1
"apvogt","836338243364876290",1,1
"ara_empfehlung","113371429",1,1
"ardalanai","30231444",1,1
"arnoldschiller","1053361368",1,1
"arnoldschiller","20036281",1,1
"arnoldschiller","2388444706",1,1
"arnoldschiller","32183563",1,1
"arnoldschiller","582243157",20,20
"arnoldschiller","713530218300981248",1,1
"arnoldschiller","780513666177392640",6,6
"arnoldschiller","780525889809440769",4,4
"arnoldschiller","780527924445413376",3,3
"arnoldschiller","853572263760867328",1,1
"arnoldschiller","858234392812146689",2,2
"astadler ""rt martinlindner","20520014",1,1
"astadler ""rt martinlindner","935427080",1,1
"axiomer","144104581",1,1
"axiomer","14784994",1,1
"axiomer","473923529",1,1
"axiomer","936817394",2,2
"b_hilaritas","1308809605",1,1
"b_hilaritas","630487425",1,1
"bavariawatch","2152275095",3,3
"bavariawatch","2465952667",3,3
"bavariawatch","2479457240",2,2
"bavariawatch","3166120049",1,1
"bavariawatch","375531518",6,6
"bavariawatch","3780286457",7,7
"bavariawatch","3981651935",1,1
"bavariawatch","821408474856820736",1,1
"bavariawatch","908325162357067778",1,1
"bayern_waehlt","88059769",1,1
"bayernkurier","1511520709",1,1
"bayernkurier","1534331402",1,1
"bayernkurier","1949513514",1,1
"bayernkurier","2302769958",1,1
"bayernkurier","2450909279",1,1
"bayernkurier","2800634622",1,1
"bayernkurier","2887896783",1,1
"bayernkurier","3324438197",1,1
"bayernkurier","4782890181",1,1
"bayernkurier","4861829486",1,1
"bayernkurier","715279089721065472",1,1
"bayernkurier","732305870516801541",1,1
"bayernkurier","747696132495650816",1,1
"bayernkurier","860084920814850048",1,1
"bayernkurier","875839754",1,1
"bb_ger","53886166",1,1
"bbeckmann","544945051",1,1
"beatrix_vstorch","1009250894",1,1
"beatrix_vstorch","1011720810",1,1
"beatrix_vstorch","1196300142",1,1
"beatrix_vstorch","1334295828",1,1
"beatrix_vstorch","136004517",1,1
"beatrix_vstorch","1375039512",1,1
"beatrix_vstorch","1397275166",1,1
"beatrix_vstorch","1469338615",1,1
"beatrix_vstorch","1470650814",1,1
"beatrix_vstorch","1475528634",1,1
"beatrix_vstorch","1552982012",1,1
"beatrix_vstorch","17713693",1,1
"beatrix_vstorch","183118752",1,1
"beatrix_vstorch","1884294697",1,1
"beatrix_vstorch","2270148584",1,1
"beatrix_vstorch","2294436120",1,1
"beatrix_vstorch","2346795098",1,1
"beatrix_vstorch","2465907259",1,1
"beatrix_vstorch","2491392500",1,1
"beatrix_vstorch","2585808948",1,1
"beatrix_vstorch","259638173",1,1
"beatrix_vstorch","2688079904",1,1
"beatrix_vstorch","2746361571",1,1
"beatrix_vstorch","275757944",1,1
"beatrix_vstorch","2802490987",1,1
"beatrix_vstorch","2817931146",1,1
"beatrix_vstorch","2849461797",1,1
"beatrix_vstorch","2867798695",1,1
"beatrix_vstorch","2887896783",1,1
"beatrix_vstorch","2911644821",1,1
"beatrix_vstorch","2964402359",1,1
"beatrix_vstorch","2998665491",1,1
"beatrix_vstorch","3036137385",1,1
"beatrix_vstorch","3069381515",1,1
"beatrix_vstorch","323479652",1,1
"beatrix_vstorch","3257006028",1,1
"beatrix_vstorch","3291559521",1,1
"beatrix_vstorch","330357834",1,1
"beatrix_vstorch","3341148963",1,1
"beatrix_vstorch","3361170412",1,1
"beatrix_vstorch","3424252036",1,1
"beatrix_vstorch","3427951089",1,1
"beatrix_vstorch","356309644",1,1
"beatrix_vstorch","3741126857",1,1
"beatrix_vstorch","3794476294",1,1
"beatrix_vstorch","3845116647",1,1
"beatrix_vstorch","4073510296",1,1
"beatrix_vstorch","4187629275",1,1
"beatrix_vstorch","4203995632",1,1
"beatrix_vstorch","4728055179",1,1
"beatrix_vstorch","4744516876",1,1
"beatrix_vstorch","4830435670",1,1
"beatrix_vstorch","513593005",1,1
"beatrix_vstorch","52707672",1,1
"beatrix_vstorch","527835146",1,1
"beatrix_vstorch","66321622",1,1
"beatrix_vstorch","713801690483400705",1,1
"beatrix_vstorch","720022249",1,1
"beatrix_vstorch","731561651917496321",1,1
"beatrix_vstorch","738771661915344897",1,1
"beatrix_vstorch","742592504252538880",1,1
"beatrix_vstorch","757151613970739200",1,1
"beatrix_vstorch","757945606778281984",1,1
"beatrix_vstorch","765202068135108608",1,1
"beatrix_vstorch","781776415343673344",1,1
"beatrix_vstorch","788374499951599618",1,1
"beatrix_vstorch","793462721719201792",1,1
"beatrix_vstorch","793783110462738432",1,1
"beatrix_vstorch","802917797298864128",1,1
"beatrix_vstorch","808725472553168897",1,1
"beatrix_vstorch","814902039494979585",1,1
"beatrix_vstorch","814970546366611457",1,1
"beatrix_vstorch","816717166900809729",1,1
"beatrix_vstorch","821024924517199872",1,1
"beatrix_vstorch","825730639194361856",1,1
"beatrix_vstorch","835141419601920000",1,1
"beatrix_vstorch","836338243364876290",1,1
"beatrix_vstorch","840873907636846593",1,1
"beatrix_vstorch","845969869778685952",1,1
"beatrix_vstorch","856076690828791808",1,1
"beatrix_vstorch","868458200030490624",1,1
"beatrix_vstorch","884887711374508033",1,1
"beatrix_vstorch","887334582634328065",1,1
"beatrix_vstorch","887971398479740928",1,1
"beatrix_vstorch","88887465",1,1
"beatrix_vstorch","890081620165840898",1,1
"beatrix_vstorch","893914323407470592",1,1
"beatrix_vstorch","899212735770218497",1,1
"beatrix_vstorch","901570517857165313",1,1
"beatrix_vstorch","904044880195936256",1,1
"beatrix_vstorch","907347689846833152",1,1
"bentor1312","270362730",1,1
"berlin_hilft","2807674700",1,1
"berlin_hilft","3531994695",1,1
"berlin_hilft","79498539",1,1
"berliner_kurier","796816093",1,1
"berndulrich","10157222",1,1
"berndulrich","112526774",1,1
"berndulrich","112914465",1,1
"berndulrich","1207741262",1,1
"berndulrich","1238529541",1,1
"berndulrich","12457532",2,2
"berndulrich","12472192",1,1
"berndulrich","1248466592",1,1
"berndulrich","132131909",1,1
"berndulrich","1361415758",1,1
"berndulrich","137649605",1,1
"berndulrich","138982824",1,1
"berndulrich","13927862",1,1
"berndulrich","1405411",1,1
"berndulrich","14208791",1,1
"berndulrich","1432792058",1,1
"berndulrich","143391717",1,1
"berndulrich","144872670",1,1
"berndulrich","14838108",1,1
"berndulrich","15063088",1,1
"berndulrich","1551212426",1,1
"berndulrich","156003780",1,1
"berndulrich","1568342563",1,1
"berndulrich","15710349",1,1
"berndulrich","15973750",1,1
"berndulrich","16185460",1,1
"berndulrich","167067970",1,1
"berndulrich","1719925616",1,1
"berndulrich","1734692346",1,1
"berndulrich","17424958",2,2
"berndulrich","177298336",1,1
"berndulrich","1859382319",1,1
"berndulrich","1913323148",1,1
"berndulrich","19482762",1,1
"berndulrich","19539376",1,1
"berndulrich","19738866",1,1
"berndulrich","19866185",1,1
"berndulrich","207025136",1,1
"berndulrich","212223394",1,1
"berndulrich","2154792391",1,1
"berndulrich","2171118496",1,1
"berndulrich","2193074589",1,1
"berndulrich","2199155772",1,1
"berndulrich","22036309",1,1
"berndulrich","221716094",2,2
"berndulrich","222041764",1,1
"berndulrich","22547666",1,1
"berndulrich","2276506828",1,1
"berndulrich","2291823050",2,2
"berndulrich","229545217",1,1
"berndulrich","2301925466",1,1
"berndulrich","23442476",1,1
"berndulrich","2358450884",1,1
"berndulrich","23780295",1,1
"berndulrich","24179495",1,1
"berndulrich","24517917",1,1
"berndulrich","24565445",1,1
"berndulrich","25351484",1,1
"berndulrich","2539596717",1,1
"berndulrich","2557127236",1,1
"berndulrich","2584072753",2,2
"berndulrich","259397402",1,1
"berndulrich","264111820",1,1
"berndulrich","2654775990",1,1
"berndulrich","26663329",1,1
"berndulrich","267769705",1,1
"berndulrich","273326012",1,1
"berndulrich","2740834912",1,1
"berndulrich","274899710",1,1
"berndulrich","2834108667",1,1
"berndulrich","2841008950",1,1
"berndulrich","2842518987",1,1
"berndulrich","2871465755",1,1
"berndulrich","2880094223",1,1
"berndulrich","29006871",1,1
"berndulrich","2914232981",1,1
"berndulrich","2956508669",1,1
"berndulrich","2957356870",1,1
"berndulrich","2981108811",1,1
"berndulrich","2996249974",1,1
"berndulrich","301086389",1,1
"berndulrich","3019580801",1,1
"berndulrich","3024847955",1,1
"berndulrich","3081172191",1,1
"berndulrich","31104704",1,1
"berndulrich","3110649555",1,1
"berndulrich","3151767532",1,1
"berndulrich","3226771",1,1
"berndulrich","323499348",1,1
"berndulrich","323829201",1,1
"berndulrich","32866606",1,1
"berndulrich","3336517876",1,1
"berndulrich","33615521",1,1
"berndulrich","3362947319",1,1
"berndulrich","33637699",1,1
"berndulrich","344906735",1,1
"berndulrich","345924880",1,1
"berndulrich","35517100",1,1
"berndulrich","360133848",1,1
"berndulrich","366245152",1,1
"berndulrich","368238775",1,1
"berndulrich","369109401",1,1
"berndulrich","370068437",1,1
"berndulrich","371259554",1,1
"berndulrich","39469022",1,1
"berndulrich","40103719",1,1
"berndulrich","4177900222",1,1
"berndulrich","4234634835",1,1
"berndulrich","4250700527",1,1
"berndulrich","43178482",1,1
"berndulrich","4372486768",1,1
"berndulrich","455392322",1,1
"berndulrich","45586617",1,1
"berndulrich","456155998",1,1
"berndulrich","467658132",1,1
"berndulrich","47107651",1,1
"berndulrich","471490791",2,2
"berndulrich","47428795",1,1
"berndulrich","4795755635",1,1
"berndulrich","4831269305",1,1
"berndulrich","48510580",1,1
"berndulrich","4885488455",1,1
"berndulrich","4889631839",1,1
"berndulrich","49093309",1,1
"berndulrich","499847353",1,1
"berndulrich","50986099",1,1
"berndulrich","52373515",1,1
"berndulrich","550438020",1,1
"berndulrich","552856490",1,1
"berndulrich","556478175",1,1
"berndulrich","55664633",1,1
"berndulrich","567181093",1,1
"berndulrich","56761116",1,1
"berndulrich","572847815",1,1
"berndulrich","59085146",2,2
"berndulrich","606287556",1,1
"berndulrich","610194645",1,1
"berndulrich","613495893",1,1
"berndulrich","625741313",1,1
"berndulrich","65375944",1,1
"berndulrich","68404031",1,1
"berndulrich","699602496508002304",1,1
"berndulrich","701128797769302016",1,1
"berndulrich","702157018090631168",1,1
"berndulrich","704003933384142848",1,1
"berndulrich","709140683374911489",1,1
"berndulrich","71282618",1,1
"berndulrich","714117873816498176",1,1
"berndulrich","741883103946387456",1,1
"berndulrich","74486208",1,1
"berndulrich","746676341928566784",1,1
"berndulrich","756793505243095040",1,1
"berndulrich","771751091293880320",1,1
"berndulrich","780796802387685376",1,1
"berndulrich","784140826129657856",1,1
"berndulrich","787774580",1,1
"berndulrich","797052112341467136",1,1
"berndulrich","80769319",1,1
"berndulrich","811541688296624128",1,1
"berndulrich","81619267",1,1
"berndulrich","820014312",1,1
"berndulrich","828353466481389569",1,1
"berndulrich","84170579",1,1
"berndulrich","84648232",1,1
"berndulrich","854824146739634176",1,1
"berndulrich","87392426",1,1
"berndulrich","87730423",2,2
"berndulrich","877919641515024386",1,1
"berndulrich","885841728",1,1
"berndulrich","908350207",1,1
"berndulrich","910331539",1,1
"berndulrich","92522481",1,1
"berndulrich","93024491",1,1
"berndulrich","936817394",1,1
"bigauge79","2523620181",1,1
"bild_muenchen","524183624",1,1
"bill6k","857154973364310020",3,3
"bizwal","199699021",1,1
"bjoern_aigudewi","2275067694",1,1
"bjoernuhde","267602505",1,1
"bjoernuhde","714221780437753856",1,1
"bjoernuhde","93516189",1,1
"bjvde","15365726",1,1
"bjvde","15841823",1,1
"bjvde","2180031792",1,1
"bjvde","47906635",1,1
"boersenzeitung","2190391206",1,1
"boersenzeitung","302213140",1,1
"boersenzeitung","3413333998",1,1
"boerseonline","456741823",1,1
"br_quer","838113163430232064",1,1
"br24","125570941",1,1
"br24","127505576",1,1
"br24","129026706",1,1
"br24","1339911823",1,1
"br24","1440571802",1,1
"br24","15776298",1,1
"br24","1886606958",4,4
"br24","20615607",1,1
"br24","212222275",1,1
"br24","257483920",1,1
"br24","28090993",1,1
"br24","285268093",1,1
"br24","2950085673",1,1
"br24","29955500",1,1
"br24","376239141",1,1
"br24","37953750",1,1
"br24","416590844",1,1
"br24","4236401613",1,1
"br24","457555566",1,1
"br24","4891172542",1,1
"br24","595551879",1,1
"br24","606287556",3,3
"br24","64407284",1,1
"br24","707367722",1,1
"br24","72141934",1,1
"br24","725621472803323904",1,1
"br24","860084920814850048",1,1
"br24","889440828749492225",1,1
"brandensteinph","113371429",1,1
"brandensteinph","46227690",1,1
"brennstoff","443212544",1,1
"brieveri","821026922490691589",1,1
"brightsblog","3384890716",1,1
"brihasselmann","24725119",1,1
"btwahltrend","16344596",1,1
"btwahltrend","259758029",1,1
"btwahltrend","265392958",1,1
"btwahltrend","29694967",1,1
"btwahltrend","2971830219",1,1
"btwahltrend","3191085733",1,1
"btwahltrend","415827625",1,1
"btwahltrend","43736987",1,1
"btwahltrend","468854179",1,1
"btwahltrend","524122127",1,1
"btwahltrend","741906107627606016",1,1
"btwahltrend","783054772580548608",1,1
"btwahltrend","825664602742652929",1,1
"btwahltrend","853189862442356736",1,1
"btwahltrend","903628459477528578",1,1
"bukowskisnephew","755302681334452224",1,1
"bus_fauli","3102941783",1,1
"buzzfeedgermany","126051369",1,1
"buzzfeedgermany","1568342563",1,1
"buzzfeedgermany","1632934848",1,1
"bvolksentscheid","217789469",1,1
"bystronafd","1009250894",1,1
"bystronafd","1042267028",1,1
"bystronafd","1066631413",1,1
"bystronafd","1119922741",1,1
"bystronafd","1162901370",1,1
"bystronafd","125920442",1,1
"bystronafd","1539607267",1,1
"bystronafd","1552982012",1,1
"bystronafd","1868837312",1,1
"bystronafd","212003801",1,1
"bystronafd","2299873066",1,1
"bystronafd","2465907259",1,1
"bystronafd","255637301",1,1
"bystronafd","2746361571",1,1
"bystronafd","2872928780",1,1
"bystronafd","299357728",1,1
"bystronafd","324298236",1,1
"bystronafd","3326127893",1,1
"bystronafd","3427951089",2,2
"bystronafd","411344362",1,1
"bystronafd","4187629275",1,1
"bystronafd","4228788018",2,2
"bystronafd","4569352401",1,1
"bystronafd","628046813",1,1
"bystronafd","713026147852939264",1,1
"bystronafd","713492087346429952",1,1
"bystronafd","728326774027919360",1,1
"bystronafd","738771661915344897",1,1
"bystronafd","754606341575114752",1,1
"bystronafd","755302681334452224",1,1
"bystronafd","757584921267433472",2,2
"bystronafd","769659281851424768",1,1
"bystronafd","774930679536750592",1,1
"bystronafd","816717166900809729",2,2
"bystronafd","821024924517199872",1,1
"bystronafd","832320651381899264",1,1
"bystronafd","833681279438770178",1,1
"bystronafd","865184379223625729",1,1
"bystronafd","872891650862964738",1,1
"bystronafd","887334582634328065",1,1
"bystronafd","889882881518120960",1,1
"bystronafd","899212735770218497",1,1
"bystronafd","905791878007836674",1,1
"bystronafd","909501107029909504",1,1
"bystronafd","910600482833477632",1,1
"bystronafd","974317903",1,1
"c_assimilator","125990481",1,1
"c_assimilator","311915395",1,1
"c_assimilator","50433430",1,1
"c_assimilator","984978180",1,1
"calaha_caha","628213555",5,5
"catens","1666211774",2,2
"cdeutschlaender","1020567284",1,1
"cdeutschlaender","104966264",1,1
"cdeutschlaender","112843090",1,1
"cdeutschlaender","1349252810",1,1
"cdeutschlaender","17929525",1,1
"cdeutschlaender","207025136",1,1
"cdeutschlaender","2466651540",1,1
"cdeutschlaender","41325542",1,1
"cdeutschlaender","4224722859",1,1
"cdeutschlaender","42651849",2,2
"cdeutschlaender","463726254",1,1
"cdeutschlaender","464656229",1,1
"cdeutschlaender","774323087743586306",1,1
"cdeutschlaender","801836974285922305",1,1
"cdeutschlaender","811541688296624128",1,1
"cdulsa","186360797",1,1
"chris_hoeland","1361415758",1,1
"chris_pyak","2368371285",1,1
"chrisboppel","125920442",1,1
"chrisboppel","1949555407",1,1
"chrisboppel","198873668",1,1
"chrisboppel","24677397",1,1
"chrisboppel","266110572",1,1
"chrisboppel","2981863919",1,1
"chrisboppel","356309644",1,1
"chrisboppel","3586587142",2,2
"chrisboppel","4149878551",1,1
"chrisboppel","731561651917496321",1,1
"chrisdrocla","701893008288038912",1,1
"chrisdrocla","724869004511350784",1,1
"chtrost","1033563091",1,1
"chtrost","1117566630",1,1
"chtrost","1252715659",1,1
"chtrost","1459505390",1,1
"chtrost","146242982",1,1
"chtrost","17038626",1,1
"chtrost","1709764189",1,1
"chtrost","191972027",1,1
"chtrost","20285183",1,1
"chtrost","2487355079",1,1
"chtrost","2500126551",1,1
"chtrost","258723760",1,1
"chtrost","2722049123",1,1
"chtrost","2746361571",1,1
"chtrost","291329034",1,1
"chtrost","2969405391",1,1
"chtrost","3098052395",1,1
"chtrost","342575145",1,1
"chtrost","3731565562",1,1
"chtrost","40227292",1,1
"chtrost","4234634835",1,1
"chtrost","475110157",1,1
"chtrost","4818065219",1,1
"chtrost","4885068579",1,1
"chtrost","52745493",1,1
"chtrost","546796216",1,1
"chtrost","607110686",1,1
"chtrost","723896182167187457",1,1
"chtrost","728326774027919360",1,1
"chtrost","77779367",1,1
"chtrost","802900980203487237",1,1
"chtrost","821026922490691589",1,1
"chtrost","853607343732518913",1,1
"ciffi","312582893",1,1
"ciffi","73862753",1,1
"claudine","1361415758",1,1
"claudine","2740834912",1,1
"claudine","2808367905",1,1
"claudine","894573109",1,1
"connymeier","259638173",1,1
"cooliopenguin","1487011",1,1
"cornelstef","328453671",1,1
"creation_2011","1712430325",1,1
"creation_2011","259638173",1,1
"crisgnesutta","883061911188844544",1,1
"csu","1552762753",1,1
"csu","2800634622",1,1
"csu","3324790167",1,1
"csu","57724797",1,1
"csu","891172681277734912",1,1
"csu_ake","2800634622",1,1
"csu_oberbayern","20429858",1,1
"csu_oberbayern","21107582",1,1
"csu_oberbayern","863029630344847360",1,1
"csu_oberbayern","901860816009482240",1,1
"csu_ogau","857334822271942657",1,1
"dandy_bo","1407192332",1,1
"dandy_bo","314776265",1,1
"dandy_bo","374483612",1,1
"dandy_bo","755681350712193024",1,1
"dandy_bo","779002234365480961",1,1
"dandy_bo","821497545448976384",1,1
"danieljkroll","14409814",1,1
"darkgermany","1009250894",1,1
"darkgermany","1446217872",1,1
"darkgermany","17713693",1,1
"darkgermany","1864102783",1,1
"darkgermany","19314965",1,1
"darkgermany","821026654256435200",1,1
"darkgermany","888388915383738369",1,1
"darkgermany","910600482833477632",1,1
"dasigno","714117873816498176",1,1
"davidbayern2017","2704133805",1,1
"ddbnews","901875885460074496",1,1
"deichkinderost","239078153",1,1
"deichkinderost","273559383",1,1
"deichkinderost","2940068199",1,1
"deichkinderost","4149878551",1,1
"deichkinderost","415775118",1,1
"deichkinderost","473725876",1,1
"deichkinderost","68841109",1,1
"delonghi75","1859382319",1,1
"delonghi75","1873548374",1,1
"delonghi75","832941372336377857",1,1
"delonghi75","872891650862964738",1,1
"derfreitag","775426488",1,1
"dermarcdecker","15980032",1,1
"dermarcdecker","30453687",1,1
"dermaschinist","185722581",1,1
"diehumanisten","112425138",1,1
"diehumanisten","124407118",1,1
"diehumanisten","1252551638",1,1
"diehumanisten","1478258040",1,1
"diehumanisten","15230136",1,1
"diehumanisten","1554736406",1,1
"diehumanisten","1641705049",1,1
"diehumanisten","17947950",1,1
"diehumanisten","215183395",1,1
"diehumanisten","2279042636",1,1
"diehumanisten","273054582",1,1
"diehumanisten","2777956661",1,1
"diehumanisten","3005468225",1,1
"diehumanisten","38889432",1,1
"diehumanisten","804788522121068544",1,1
"diehumanisten","810092596852850689",1,1
"diehumanisten","849331047787581441",1,1
"diehumanisten","858255688585400320",1,1
"diehumanisten","858706295091863556",1,1
"diehumanisten","872135587255504896",1,1
"dielinkeep","79498539",1,1
"dieparteifuerth","77818784",1,1
"digitalkritikde","21703164",1,1
"dneuerer","841207826148151296",1,1
"dneuerer","899308266748080128",1,1
"dokmz","148689514",1,1
"dokmz","15636102",1,1
"dokmz","21703164",1,1
"dokmz","257550643",1,1
"dokmz","2941978445",1,1
"dokmz","844560333121441800",1,1
"dontpanicberlin","4724422528",1,1
"dontswitch","2653677332",1,1
"dooflandzensur","3731565562",1,1
"dooflandzensur","4569352401",1,1
"doppellhelix","4008070679",1,1
"drdavidberger","1119922741",1,1
"drdavidberger","1469338615",1,1
"drdavidberger","180786610",1,1
"drdavidberger","183118752",1,1
"drdavidberger","21751842",1,1
"drdavidberger","233602419",1,1
"drdavidberger","255637301",1,1
"drdavidberger","258087034",1,1
"drdavidberger","265392958",1,1
"drdavidberger","2964402359",1,1
"drdavidberger","2999837297",1,1
"drdavidberger","3632112857",1,1
"drdavidberger","4141262475",1,1
"drdavidberger","42291979",1,1
"drdavidberger","4394933487",1,1
"drdavidberger","4569352401",1,1
"drdavidberger","501406425",1,1
"drdavidberger","607159536",1,1
"drdavidberger","704844541619089409",1,1
"drdavidberger","709800243840286725",1,1
"drdavidberger","711865509290119168",1,1
"drdavidberger","755302681334452224",1,1
"drdavidberger","757382733748379648",1,1
"drdavidberger","758373240263835649",1,1
"drdavidberger","76754475",1,1
"drdavidberger","799154260655144960",1,1
"drdavidberger","811099651596230656",1,1
"drdavidberger","816717166900809729",1,1
"drdavidberger","817486666780835843",1,1
"drdavidberger","829814516686917633",1,1
"drdavidberger","840873907636846593",1,1
"drdavidberger","855165870506684418",1,1
"drdavidberger","855824260715118594",1,1
"drdavidberger","873470215006433281",1,1
"drdavidberger","893914323407470592",1,1
"drdavidberger","900239547635822592",1,1
"drdavidberger","905830346213773312",1,1
"drdavidberger","906056554612482048",1,1
"drdavidberger","988127826",1,1
"drpatridge","614142790",1,1
"drpatridge","622957208",1,1
"drukpakuen","20666974",1,1
"drukpakuen","2696309778",1,1
"drukpakuen","302750390",1,1
"dwmerkur","14153532",1,1
"dwmerkur","1608563167",1,1
"dwmerkur","17023987",1,1
"dwmerkur","3067414589",1,1
"dwmerkur","3321579670",1,1
"dwmerkur","41124846",1,1
"dwmerkur","44602761",1,1
"dwmerkur","454923787",1,1
"dwmerkur","50359209",1,1
"dwmerkur","735133310221963264",1,1
"dwmerkur","80626752",1,1
"dwmerkur","815542807276486656",1,1
"dwmerkur","877868729455063040",1,1
"dwmerkur","87825530",1,1
"eckpiedra","899817114697117698",1,1
"efdlan","299357728",1,1
"einfach_ich_44","2330388670",1,1
"einwuerfe","415356669",1,1
"electrozwerg","845252629",1,1
"elinatorin","326389814",1,1
"elmarburke","2246447535",1,1
"emiliac32","1470650814",1,1
"emiliac32","259638173",1,1
"emiliac32","3367477780",1,1
"emiliac32","874718583330394113",1,1
"enenano #digitalisierung bringt neue welle v armut danke politik v fr #merkel und reichstum in usa -https","353520385",2,2
"er_bayern","15636102",1,1
"er_bayern","187465155",1,1
"er_bayern","21703164",1,1
"er_bayern","713530218300981248",1,1
"er_bayern","811515368443445248",1,1
"er_bayern","830457816234209280",1,1
"erdatrapp #wahlkreis226","353520385",1,1
"erdscheiblette","2591213143",1,1
"erhardtresch","3326127893",1,1
"ernstvall","738042086",1,1
"evelyn_nopfs","3009910684",1,1
"evelyn_nopfs","834899551643451396",1,1
"eysvog3l","1059206690",1,1
"eysvog3l","121401726",1,1
"eysvog3l","1492763996",1,1
"eysvog3l","1532017326",1,1
"eysvog3l","2267790932",1,1
"eysvog3l","2581862881",1,1
"eysvog3l","265392958",1,1
"eysvog3l","2849461797",1,1
"eysvog3l","2911644821",1,1
"eysvog3l","2935469435",1,1
"eysvog3l","2960137859",1,1
"eysvog3l","2964402359",1,1
"eysvog3l","309712179",1,1
"eysvog3l","3228455662",1,1
"eysvog3l","3302862255",1,1
"eysvog3l","330357834",1,1
"eysvog3l","3414086001",1,1
"eysvog3l","376644535",1,1
"eysvog3l","3844151483",1,1
"eysvog3l","4621226295",1,1
"eysvog3l","4793609776",1,1
"eysvog3l","4830435670",1,1
"eysvog3l","719051806744178688",1,1
"eysvog3l","728326774027919360",1,1
"eysvog3l","757632838535614465",1,1
"eysvog3l","804256702250020864",1,1
"eysvog3l","811099651596230656",2,2
"eysvog3l","816717166900809729",1,1
"eysvog3l","817842489814118401",1,1
"eysvog3l","825730639194361856",2,2
"eysvog3l","830480168951111680",1,1
"eysvog3l","836338243364876290",1,1
"eysvog3l","844982582341197824",1,1
"eysvog3l","884887711374508033",1,1
"eysvog3l","899212735770218497",1,1
"eysvog3l","907423082465423360",1,1
"faz_politik","2964458164",1,1
"faznet","1349252810",1,1
"faznet","15776298",1,1
"faznet","417275958",1,1
"faznet","61775433",1,1
"faznet","770224985629687808",1,1
"faznet","787774580",1,1
"faznet","837594296471670784",1,1
"felixekardt","1196515243",1,1
"florianpronold","580026542",1,1
"florianpronold","707841704",1,1
"foertsch","825730639194361856",2,2
"frankwebbber","708339339990794240",1,1
"friedensblick","255043069",1,1
"frl_bruenett","1068188300",1,1
"frl_bruenett","71479439",1,1
"frydewelt","785158661110951936",1,1
"fxdx","14777883",1,1
"g_babayigit","1277488741",1,1
"g_babayigit","14208791",1,1
"g_babayigit","2301925466",1,1
"g_babayigit","410023050",1,1
"gameswirtschaft","2223759106",1,1
"gameswirtschaft","2299710372",1,1
"gameswirtschaft","2645579742",1,1
"gameswirtschaft","4535963357",1,1
"gameswirtschaft","49284032",1,1
"gameswirtschaft","805358615607595008",1,1
"georgrestle","1015010928",1,1
"georgrestle","116737939",1,1
"georgrestle","1216577796",1,1
"georgrestle","122504770",1,1
"georgrestle","1248466592",1,1
"georgrestle","12960732",1,1
"georgrestle","1321691",1,1
"georgrestle","1360026158",1,1
"georgrestle","1361415758",1,1
"georgrestle","1373151770",1,1
"georgrestle","141813304",1,1
"georgrestle","1432792058",1,1
"georgrestle","1433825958",1,1
"georgrestle","143484553",1,1
"georgrestle","1464802938",1,1
"georgrestle","1482179084",1,1
"georgrestle","14908536",1,1
"georgrestle","150674549",1,1
"georgrestle","1510567171",1,1
"georgrestle","15135150",1,1
"georgrestle","1520452368",1,1
"georgrestle","15903326",1,1
"georgrestle","162651492",1,1
"georgrestle","16490214",1,1
"georgrestle","165178380",1,1
"georgrestle","16600393",1,1
"georgrestle","1669852086",1,1
"georgrestle","16706236",1,1
"georgrestle","1681507338",1,1
"georgrestle","171213946",1,1
"georgrestle","1712387808",1,1
"georgrestle","17131762",1,1
"georgrestle","17424958",1,1
"georgrestle","176053221",1,1
"georgrestle","17619488",1,1
"georgrestle","180731310",1,1
"georgrestle","18529226",1,1
"georgrestle","1861433594",1,1
"georgrestle","19344718",1,1
"georgrestle","1957517246",1,1
"georgrestle","1971150385",1,1
"georgrestle","198955667",1,1
"georgrestle","20036281",1,1
"georgrestle","20927595",1,1
"georgrestle","212223394",1,1
"georgrestle","21406149",1,1
"georgrestle","219049064",1,1
"georgrestle","2199155772",1,1
"georgrestle","2203690778",1,1
"georgrestle","2229034011",1,1
"georgrestle","2250035412",1,1
"georgrestle","227330711",1,1
"georgrestle","2275067694",1,1
"georgrestle","2308660812",1,1
"georgrestle","2317481",1,1
"georgrestle","234406350",1,1
"georgrestle","2372290033",1,1
"georgrestle","23938818",1,1
"georgrestle","2408763599",1,1
"georgrestle","2410951988",1,1
"georgrestle","2414604539",1,1
"georgrestle","2438850456",1,1
"georgrestle","244729063",1,1
"georgrestle","247929635",1,1
"georgrestle","249612583",1,1
"georgrestle","249620286",1,1
"georgrestle","2530518910",1,1
"georgrestle","254272367",1,1
"georgrestle","2572556132",1,1
"georgrestle","2574184782",1,1
"georgrestle","2604663278",1,1
"georgrestle","2632020070",1,1
"georgrestle","2695258818",1,1
"georgrestle","271098814",1,1
"georgrestle","272752165",1,1
"georgrestle","2791406556",1,1
"georgrestle","2806094398",1,1
"georgrestle","28160283",1,1
"georgrestle","2827337579",1,1
"georgrestle","2832720903",1,1
"georgrestle","28524198",1,1
"georgrestle","287593628",1,1
"georgrestle","2943798801",1,1
"georgrestle","2958604179",1,1
"georgrestle","2981594310",1,1
"georgrestle","3002271760",1,1
"georgrestle","3054960644",1,1
"georgrestle","3057538164",1,1
"georgrestle","3074330963",1,1
"georgrestle","307484260",1,1
"georgrestle","3115802081",1,1
"georgrestle","323829201",1,1
"georgrestle","3256219799",1,1
"georgrestle","33328532",1,1
"georgrestle","3342026667",1,1
"georgrestle","3347513867",1,1
"georgrestle","3355263861",1,1
"georgrestle","3369707007",1,1
"georgrestle","33897434",1,1
"georgrestle","3397273558",1,1
"georgrestle","3435098847",1,1
"georgrestle","3435648970",1,1
"georgrestle","3480329716",1,1
"georgrestle","3704467397",1,1
"georgrestle","376818440",1,1
"georgrestle","3769852395",1,1
"georgrestle","37960642",1,1
"georgrestle","38630238",1,1
"georgrestle","39108885",1,1
"georgrestle","393995711",1,1
"georgrestle","3949915235",1,1
"georgrestle","399491208",1,1
"georgrestle","401576108",1,1
"georgrestle","403489077",1,1
"georgrestle","40628438",1,1
"georgrestle","408757943",1,1
"georgrestle","41388754",1,1
"georgrestle","414357869",1,1
"georgrestle","426228415",1,1
"georgrestle","431095822",1,1
"georgrestle","43406398",1,1
"georgrestle","435781283",1,1
"georgrestle","435785515",1,1
"georgrestle","4372042877",1,1
"georgrestle","440164312",1,1
"georgrestle","454923787",1,1
"georgrestle","457103921",1,1
"georgrestle","466475605",1,1
"georgrestle","468919492",1,1
"georgrestle","4698916057",1,1
"georgrestle","479841900",1,1
"georgrestle","4839243863",1,1
"georgrestle","4889282517",1,1
"georgrestle","48987390",1,1
"georgrestle","49754882",1,1
"georgrestle","50766849",1,1
"georgrestle","52004397",1,1
"georgrestle","545022899",2,2
"georgrestle","555476294",1,1
"georgrestle","55554468",1,1
"georgrestle","56761116",1,1
"georgrestle","57045905",1,1
"georgrestle","572847815",1,1
"georgrestle","577092182",1,1
"georgrestle","580263674",1,1
"georgrestle","59466647",1,1
"georgrestle","606287556",1,1
"georgrestle","632102396",1,1
"georgrestle","64272839",1,1
"georgrestle","6574252",1,1
"georgrestle","704948991486791680",1,1
"georgrestle","705053093638115328",1,1
"georgrestle","709145878813151233",1,1
"georgrestle","711711089",1,1
"georgrestle","713491544897093633",1,1
"georgrestle","714117873816498176",1,1
"georgrestle","71513729",1,1
"georgrestle","717997611756728320",1,1
"georgrestle","718007241186623488",1,1
"georgrestle","746231838889246722",1,1
"georgrestle","746295101031387136",1,1
"georgrestle","747008215553040384",1,1
"georgrestle","747262934",1,1
"georgrestle","75865924",1,1
"georgrestle","764400031499706368",1,1
"georgrestle","771297925",1,1
"georgrestle","777128434438959105",1,1
"georgrestle","77760428",1,1
"georgrestle","781950015858176001",1,1
"georgrestle","787691178976219137",1,1
"georgrestle","79508496",1,1
"georgrestle","796087569188581380",1,1
"georgrestle","80629791",1,1
"georgrestle","811093269073526784",1,1
"georgrestle","811515368443445248",1,1
"georgrestle","81637999",1,1
"georgrestle","820954126007894017",1,1
"georgrestle","827645780756426752",1,1
"georgrestle","828353466481389569",1,1
"georgrestle","837741064052215815",1,1
"georgrestle","838136281397854208",1,1
"georgrestle","847397271029170177",1,1
"georgrestle","866939016",1,1
"georgrestle","867320092467580928",1,1
"georgrestle","868449120851288064",1,1
"georgrestle","874031",1,1
"georgrestle","87825530",1,1
"georgrestle","888724810309808128",1,1
"georgrestle","888972134",1,1
"georgrestle","890173677081374721",1,1
"georgrestle","890604003880521729",1,1
"georgrestle","902633383",1,1
"georgrestle","906260884066066432",1,1
"georgrestle","911983735796568069",1,1
"georgrestle","920071363",1,1
"georgrestle","987124692",1,1
"ger_cryptonews","2302769958",1,1
"gerdatrapp","3709793117",1,1
"gerdatrapp","608506385",1,1
"gianoia","2981382093",1,1
"gonzalo23i","614142790",1,1
"gregor_voht","120430053",1,1
"gregor_voht","375531518",1,1
"grosserbasti","90524645",1,1
"grossundstarck","3080800402",1,1
"gruenmeyer","1479396704",1,1
"gruenmeyer","262620669",1,1
"gruenmeyer","3115802081",1,1
"gruenmeyer","3368250347",1,1
"gruenmeyer","525711326",1,1
"gudruncita","2171118496",1,1
"gudruncita","227330711",1,1
"gudruncita","264980453",1,1
"gudruncita","40441228",1,1
"hakantasberlin","16557497",1,1
"hakantasberlin","181311799",1,1
"hakantasberlin","2732424394",1,1
"hakantasberlin","2945893181",1,1
"hakantasberlin","46869996",1,1
"hakantasberlin","726364147571671040",1,1
"hans_ug","909172022651113473",1,1
"haypress_news","400190805",1,1
"haz","1657838576",1,1
"haz","469651287",1,1
"haz","806904747215110144",1,1
"hdberretz","1446217872",1,1
"hdberretz","1689287426",1,1
"hdberretz","185722581",4,4
"hdberretz","1913801342",2,2
"hdberretz","1964353897",1,1
"hdberretz","19725119",1,1
"hdberretz","20036281",1,1
"hdberretz","220068234",1,1
"hdberretz","2228753524",1,1
"hdberretz","234333247",2,2
"hdberretz","267602505",3,3
"hdberretz","273559383",1,1
"hdberretz","2739235079",1,1
"hdberretz","2764667482",3,3
"hdberretz","2888134319",1,1
"hdberretz","291329034",1,1
"hdberretz","2960137859",1,1
"hdberretz","300390038",3,3
"hdberretz","319854904",1,1
"hdberretz","3292593735",1,1
"hdberretz","337279551",1,1
"hdberretz","3386537615",1,1
"hdberretz","3429878469",1,1
"hdberretz","34911303",1,1
"hdberretz","3731565562",1,1
"hdberretz","391355119",1,1
"hdberretz","443928797",1,1
"hdberretz","4704069565",1,1
"hdberretz","559649348",1,1
"hdberretz","567785680",1,1
"hdberretz","608037041",1,1
"hdberretz","64129866",1,1
"hdberretz","713492087346429952",1,1
"hdberretz","825730639194361856",1,1
"hdberretz","832320651381899264",1,1
"hdberretz","88887465",1,1
"hdberretz","901826669857705984",1,1
"heidi_bbc","1440189535",1,1
"heidi_bbc","71016828",1,1
"heidi_bbc","885922377439342595",1,1
"heidi_bbc","894710037242945536",1,1
"heidi_bbc","896710067621441537",1,1
"heidi_bbc","897470220511662080",1,1
"heidi_bbc","898583251517943808",1,1
"heidi_bbc","901947435362258944",1,1
"heidi_bbc","905158918837592065",1,1
"heidi_bbc","906994419215335424",1,1
"heidrunlieb","90524645",2,2
"heinrich_birner","3053510678",1,1
"hendrikloven","1004097176",1,1
"hendrikloven","120521498",1,1
"hendrikloven","1261861812",1,1
"hendrikloven","1304463199",1,1
"hendrikloven","1546622762",1,1
"hendrikloven","1886606958",1,1
"hendrikloven","1973097746",1,1
"hendrikloven","2279530027",1,1
"hendrikloven","2552255094",1,1
"hendrikloven","296168164",1,1
"hendrikloven","3333472402",1,1
"hendrikloven","3387292427",1,1
"hendrikloven","356536686",1,1
"hendrikloven","446558723",1,1
"hendrikloven","54747537",1,1
"hendrikloven","714386061833728001",1,1
"hendrikloven","815251364452454400",1,1
"hendrikloven","897841154",1,1
"hendrikloven","90524645",3,3
"hendrikloven","932774264",1,1
"heutejournal","2294610667",1,1
"heutejournal","2527815351",1,1
"heutejournal","2572556132",1,1
"heutejournal","2861448911",1,1
"heutejournal","37953750",1,1
"heutejournal","787774580",1,1
"heutejournal","883809587853492225",1,1
"heuteplus","1880357119",1,1
"heuteplus","26301162",1,1
"heuteplus","393995711",1,1
"hirnduebel","55664633",1,1
"holgernohr","2800332705",1,1
"holzammerm","575142277",1,1
"howink","4724422528",1,1
"howink","567785680",1,1
"hubertaiwanger","233932416",1,1
"hubertaiwanger","828609231146323972",1,1
"imregrimm","1151286475",1,1
"imregrimm","1346351426",1,1
"imregrimm","15016596",1,1
"imregrimm","15631701",1,1
"imregrimm","1601096970",1,1
"imregrimm","216345494",1,1
"imregrimm","21740902",1,1
"imregrimm","245854334",1,1
"imregrimm","25484407",1,1
"imregrimm","3300277097",1,1
"imregrimm","360133848",1,1
"imregrimm","47338602",1,1
"imregrimm","542495826",1,1
"imregrimm","56968376",1,1
"imregrimm","703311650",1,1
"imregrimm","72853279",1,1
"ingehannemann","1280312198",1,1
"ingehannemann","18142410",1,1
"ingehannemann","2344913904",1,1
"ingehannemann","25096804",1,1
"ingehannemann","442122288",1,1
"ingehannemann","4704517829",1,1
"ingehannemann","562736610",1,1
"ingehannemann","69579611",1,1
"ingehannemann","825731114987876352",1,1
"ingo_arzt","2301925466",1,1
"inspectorbrunel","259638173",1,1
"irrvisi","608828957",1,1
"ischnappi","129161583",1,1
"islamiqde","2458442725",1,1
"islamiqde","307569647",1,1
"islamiqde","3145586206",1,1
"islamiqde","429397835",1,1
"islamiqde","488887435",1,1
"islamiqde","866939016",1,1
"jane71z","906254456236453888",1,1
"jgesthuizen","258258697",1,1
"jgesthuizen","39454022",1,1
"jlichdi","4103920539",1,1
"jo_wiedemann","106176889",1,1
"jo_wiedemann","109817373",1,1
"jo_wiedemann","4236521727",1,1
"jo_wiedemann","8720562",1,1
"jochenkleiner1","19314965",1,1
"joefauntleroy","74676216",1,1
"joefauntleroy","775442785751162881",1,1
"joerg_spengler","1091950044",1,1
"joerg_spengler","150674549",1,1
"joerg_spengler","227330711",2,2
"joerg_spengler","767305663169069056",1,1
"joerg_spengler","946289534",1,1
"johannes_fest","18785380",1,1
"jonaspaulac","24859163",1,1
"jonaspaulac","709140683374911489",1,1
"ju_mucnord","727374085701914624",1,1
"ju_mucnord","795376918208139264",1,1
"ju_mucnord","816717166900809729",1,1
"ju_mucnord","865591714702008321",1,1
"ju_oberbayern","4822758585",1,1
"ju_oberbayern","875449331171680257",1,1
"jubarth78","517555392",1,1
"julia_obermeier","1552762753",1,1
"julia_obermeier","1729513183",1,1
"julia_obermeier","21107582",1,1
"juttapaulusrlp","3368250347",1,1
"juttapaulusrlp","576504353",1,1
"karlfreller","1681587410",1,1
"karlfreller","21107582",1,1
"karlgrabbe","3380119588",2,2
"karlkramer1","2466228116",1,1
"katholikennet","1002663290",1,1
"katnix","45888726",1,1
"khue_p","139250446",1,1
"kirstende999","198083731",1,1
"kneuwert","2888995388",1,1
"kneuwert","463726254",1,1
"kneuwert","722334641257127936",1,1
"knuddelbacke","1334295828",1,1
"knuddelbacke","1873548374",1,1
"knuddelbacke","900239547635822592",1,1
"konstantinnotz","1003379274",1,1
"konstantinnotz","100816694",1,1
"konstantinnotz","1087170164",1,1
"konstantinnotz","1112162281",1,1
"konstantinnotz","113945086",1,1
"konstantinnotz","1142219796",1,1
"konstantinnotz","1261580185",1,1
"konstantinnotz","134787605",1,1
"konstantinnotz","137649605",1,1
"konstantinnotz","138898251",1,1
"konstantinnotz","1410789368",1,1
"konstantinnotz","14131141",1,1
"konstantinnotz","14613514",1,1
"konstantinnotz","14717769",1,1
"konstantinnotz","14772731",1,1
"konstantinnotz","1479396704",1,1
"konstantinnotz","148027783",1,1
"konstantinnotz","1510567171",1,1
"konstantinnotz","15438525",1,1
"konstantinnotz","15704091",1,1
"konstantinnotz","15736837",1,1
"konstantinnotz","159146257",1,1
"konstantinnotz","1660517497",1,1
"konstantinnotz","16616937",1,1
"konstantinnotz","169651012",1,1
"konstantinnotz","171213946",1,1
"konstantinnotz","17131762",1,1
"konstantinnotz","17388789",1,1
"konstantinnotz","18044699",1,1
"konstantinnotz","183291357",1,1
"konstantinnotz","184696890",1,1
"konstantinnotz","1971150385",1,1
"konstantinnotz","19738866",1,1
"konstantinnotz","210354218",2,2
"konstantinnotz","213457890",1,1
"konstantinnotz","216685529",1,1
"konstantinnotz","21703164",1,1
"konstantinnotz","21922168",2,2
"konstantinnotz","2207851705",1,1
"konstantinnotz","221716094",1,1
"konstantinnotz","2230331970",1,1
"konstantinnotz","2275067694",3,3
"konstantinnotz","23049172",1,1
"konstantinnotz","23260751",1,1
"konstantinnotz","2345246247",1,1
"konstantinnotz","24725119",1,1
"konstantinnotz","2494617006",1,1
"konstantinnotz","257229177",1,1
"konstantinnotz","2574184782",2,2
"konstantinnotz","2598148884",1,1
"konstantinnotz","26002887",1,1
"konstantinnotz","26507571",1,1
"konstantinnotz","274899710",1,1
"konstantinnotz","2974996144",1,1
"konstantinnotz","2989997703",2,2
"konstantinnotz","30453687",1,1
"konstantinnotz","3049271385",1,1
"konstantinnotz","3049678903",1,1
"konstantinnotz","3115802081",1,1
"konstantinnotz","3118809795",1,1
"konstantinnotz","3218110474",1,1
"konstantinnotz","328453671",1,1
"konstantinnotz","3368184118",1,1
"konstantinnotz","3402683571",1,1
"konstantinnotz","3404537103",1,1
"konstantinnotz","3435098847",1,1
"konstantinnotz","344906735",1,1
"konstantinnotz","36642480",1,1
"konstantinnotz","3676046057",1,1
"konstantinnotz","3703141",1,1
"konstantinnotz","371774541",1,1
"konstantinnotz","377370390",1,1
"konstantinnotz","38158365",1,1
"konstantinnotz","38639719",1,1
"konstantinnotz","39240263",1,1
"konstantinnotz","3985401580",1,1
"konstantinnotz","40255655",1,1
"konstantinnotz","4032554663",1,1
"konstantinnotz","40628438",1,1
"konstantinnotz","4162770327",1,1
"konstantinnotz","4258402654",1,1
"konstantinnotz","4312382962",2,2
"konstantinnotz","4349253574",1,1
"konstantinnotz","4364201601",1,1
"konstantinnotz","43733600",1,1
"konstantinnotz","4436191637",1,1
"konstantinnotz","443805565",1,1
"konstantinnotz","447973744",1,1
"konstantinnotz","451022494",1,1
"konstantinnotz","458738013",1,1
"konstantinnotz","470037803",1,1
"konstantinnotz","471952016",1,1
"konstantinnotz","472676663",1,1
"konstantinnotz","4767763995",1,1
"konstantinnotz","47731354",1,1
"konstantinnotz","4794903482",1,1
"konstantinnotz","4817444740",1,1
"konstantinnotz","4836151299",1,1
"konstantinnotz","4918633307",1,1
"konstantinnotz","549189515",1,1
"konstantinnotz","572847815",1,1
"konstantinnotz","587406483",1,1
"konstantinnotz","60288071",1,1
"konstantinnotz","617203470",1,1
"konstantinnotz","621831458",1,1
"konstantinnotz","633533219",1,1
"konstantinnotz","68388283",1,1
"konstantinnotz","707841704",2,2
"konstantinnotz","713530218300981248",1,1
"konstantinnotz","715220802199793664",1,1
"konstantinnotz","721066906778800128",1,1
"konstantinnotz","722329407579430913",1,1
"konstantinnotz","725238157722173441",1,1
"konstantinnotz","755419124709359616",1,1
"konstantinnotz","756793505243095040",1,1
"konstantinnotz","756879963547136000",1,1
"konstantinnotz","7586662",1,1
"konstantinnotz","775035866523791360",1,1
"konstantinnotz","781064636846178304",1,1
"konstantinnotz","78993880",1,1
"konstantinnotz","798159190665691136",2,2
"konstantinnotz","801476435277971456",2,2
"konstantinnotz","802827578771906560",1,1
"konstantinnotz","817072142948962304",1,1
"konstantinnotz","831054733",1,1
"konstantinnotz","837083572498497537",1,1
"konstantinnotz","841014398504308737",1,1
"konstantinnotz","856182356",1,1
"konstantinnotz","859101343356772353",1,1
"konstantinnotz","859409953248956417",1,1
"konstantinnotz","884783160822816768",1,1
"konstantinnotz","889440828749492225",1,1
"konstantinnotz","894456789999259649",1,1
"konstantinnotz","912874382",1,1
"konstantinnotz","928191648",2,2
"konstantinnotz","954478344",1,1
"konstantinnotz","96850673",1,1
"kontrastfarbe","744939646682079232",1,1
"kontrastfarbe","892379293938065408",1,1
"kotzenderstern","1669852086",1,1
"krahmax","1066631413",1,1
"krahmax","1119922741",1,1
"krahmax","1313922787",1,1
"krahmax","1539607267",1,1
"krahmax","2316380063",1,1
"krahmax","2502606786",1,1
"krahmax","259638173",1,1
"krahmax","265392958",1,1
"krahmax","2964402359",1,1
"krahmax","3228455662",1,1
"krahmax","3427951089",1,1
"krahmax","3781767675",1,1
"krahmax","4187629275",1,1
"krahmax","475901833",1,1
"krahmax","4830435670",1,1
"krahmax","50600124",1,1
"krahmax","52707672",1,1
"krahmax","614544788",1,1
"krahmax","738771661915344897",2,2
"krahmax","739109586314088448",1,1
"krahmax","741646773115064320",1,1
"krahmax","757584921267433472",1,1
"krahmax","774930679536750592",1,1
"krahmax","816717166900809729",2,2
"krahmax","855824260715118594",1,1
"krahmax","859497283146199043",1,1
"krahmax","886576112532418560",1,1
"krahmax","887334582634328065",1,1
"krahmax","899212735770218497",1,1
"kreiszeitung","113371429",1,1
"ktacki","911497040613527553",1,1
"kubischblog","883247276495392768",1,1
"kuckuck72","2964402359",1,1
"lachgas","125007855",1,1
"lachgas","389022060",1,1
"larswinter_","1449004548",1,1
"larswinter_","1689287426",1,1
"larswinter_","2262672047",1,1
"larswinter_","244574766",1,1
"larswinter_","3053231578",1,1
"larswinter_","430095575",1,1
"larswinter_","480392039",1,1
"larswinter_","481360741",1,1
"larswinter_","904971670296899585",1,1
"larswinter_","908443729605873666",1,1
"lawyerberlin","1009250894",1,1
"lawyerberlin","1059206690",1,1
"lawyerberlin","1075268006",1,1
"lawyerberlin","2299873066",1,1
"lawyerberlin","2711356559",1,1
"lawyerberlin","290726218",1,1
"lawyerberlin","3367477780",1,1
"lawyerberlin","3794476294",1,1
"lawyerberlin","390616461",1,1
"lawyerberlin","4621226295",1,1
"lawyerberlin","46217240",1,1
"lawyerberlin","825730639194361856",1,1
"lawyerberlin","892996270071140352",1,1
"lawyerberlin","904044880195936256",1,1
"lawyerberlin","930528858",1,1
"lehermayr","1212669223",1,1
"lehermayr","3176482114",1,1
"lehermayr","87056927",1,1
"leichenwagen","100319024",1,1
"lettenev","15983395",1,1
"lettenev","1934969178",1,1
"lobbycontrol","2737563375",1,1
"ls_feed","1694636432",1,1
"ludwighartmann","15980032",1,1
"ludwighartmann","227330711",2,2
"ludwighartmann","455710082",1,1
"ludwighartmann","53005406",1,1
"ludwighartmann","874222429551415296",1,1
"m_rinderspacher","114696822",1,1
"m_rinderspacher","1304627094",1,1
"m_rinderspacher","22527887",1,1
"m_rinderspacher","2308660812",1,1
"m_rinderspacher","29244813",1,1
"m_rinderspacher","39994751",1,1
"m_rinderspacher","430729136",1,1
"m_rinderspacher","876735938617069569",1,1
"m_rinderspacher","93516189",1,1
"maddo1976","4833269817",1,1
"maddo1976","63764458",1,1
"maischberger","20666974",1,1
"maischberger","798916520",1,1
"maltekaufmann","1009250894",1,1
"maltekaufmann","1011720810",1,1
"maltekaufmann","107241204",1,1
"maltekaufmann","125920442",1,1
"maltekaufmann","1263990463",1,1
"maltekaufmann","1275695197",1,1
"maltekaufmann","1313922787",1,1
"maltekaufmann","1337303960",1,1
"maltekaufmann","1352112025",1,1
"maltekaufmann","1410645734",1,1
"maltekaufmann","1439043848",1,1
"maltekaufmann","1449004548",1,1
"maltekaufmann","1490376331",1,1
"maltekaufmann","1546164895",1,1
"maltekaufmann","1689287426",1,1
"maltekaufmann","17713693",1,1
"maltekaufmann","183118752",1,1
"maltekaufmann","183409796",1,1
"maltekaufmann","1864102783",1,1
"maltekaufmann","197359758",1,1
"maltekaufmann","214976828",1,1
"maltekaufmann","2208817489",1,1
"maltekaufmann","2270148584",1,1
"maltekaufmann","2299873066",1,1
"maltekaufmann","2399223560",1,1
"maltekaufmann","259638173",1,1
"maltekaufmann","269751237",1,1
"maltekaufmann","2710868915",1,1
"maltekaufmann","2818689083",1,1
"maltekaufmann","290726218",1,1
"maltekaufmann","2960137859",1,1
"maltekaufmann","2969616615",1,1
"maltekaufmann","2999837297",1,1
"maltekaufmann","3053231578",1,1
"maltekaufmann","3226208999",1,1
"maltekaufmann","323479652",1,1
"maltekaufmann","3291559521",1,1
"maltekaufmann","3298062722",1,1
"maltekaufmann","3307234695",1,1
"maltekaufmann","34053839",1,1
"maltekaufmann","3435798599",1,1
"maltekaufmann","3448073356",1,1
"maltekaufmann","357641120",1,1
"maltekaufmann","390616461",2,2
"maltekaufmann","394062634",1,1
"maltekaufmann","3963583343",1,1
"maltekaufmann","3987086235",1,1
"maltekaufmann","4003877134",1,1
"maltekaufmann","409537829",1,1
"maltekaufmann","42291979",1,1
"maltekaufmann","454873093",1,1
"maltekaufmann","4569352401",1,1
"maltekaufmann","4814722649",1,1
"maltekaufmann","4830435670",1,1
"maltekaufmann","4904135430",1,1
"maltekaufmann","52707672",1,1
"maltekaufmann","533330971",1,1
"maltekaufmann","550804211",1,1
"maltekaufmann","585731298",1,1
"maltekaufmann","62564469",1,1
"maltekaufmann","67564863",1,1
"maltekaufmann","701083132766846976",1,1
"maltekaufmann","712412967397138433",1,1
"maltekaufmann","713492087346429952",1,1
"maltekaufmann","731561651917496321",1,1
"maltekaufmann","736796494884442112",1,1
"maltekaufmann","738771661915344897",1,1
"maltekaufmann","75522383",1,1
"maltekaufmann","755302681334452224",1,1
"maltekaufmann","757151613970739200",1,1
"maltekaufmann","757584921267433472",1,1
"maltekaufmann","759312542548234240",1,1
"maltekaufmann","769657355336355841",1,1
"maltekaufmann","774930679536750592",1,1
"maltekaufmann","779208371484430336",1,1
"maltekaufmann","787691178976219137",1,1
"maltekaufmann","799471710051438592",1,1
"maltekaufmann","802917797298864128",1,1
"maltekaufmann","808725472553168897",1,1
"maltekaufmann","811099651596230656",1,1
"maltekaufmann","811236553544626176",1,1
"maltekaufmann","816717166900809729",1,1
"maltekaufmann","821026922490691589",1,1
"maltekaufmann","825730639194361856",1,1
"maltekaufmann","836338243364876290",2,2
"maltekaufmann","855697907533664256",1,1
"maltekaufmann","855824260715118594",1,1
"maltekaufmann","863708302584184832",1,1
"maltekaufmann","865184379223625729",1,1
"maltekaufmann","884586449831686145",2,2
"maltekaufmann","887334582634328065",1,1
"maltekaufmann","898198234635653120",1,1
"maltekaufmann","899212735770218497",1,1
"maltekaufmann","901826669857705984",1,1
"maltekaufmann","904971670296899585",1,1
"maltekaufmann","906872788987924480",1,1
"maltekaufmann","908443729605873666",1,1
"maltekaufmann","909172022651113473",1,1
"manfredweber","1117570424",1,1
"manfredweber","1182378068",1,1
"manfredweber","1552762753",1,1
"manfredweber","21107582",1,1
"manfredweber","224390950",1,1
"manfredweber","2669428663",1,1
"manfredweber","2800634622",1,1
"manfredweber","356190403",1,1
"manfredweber","48295673",1,1
"manfredweber","536569438",1,1
"manfredweber","538482951",1,1
"manfredweber","575142277",3,3
"manfredweber","756579313147908097",1,1
"manfredweber","758691910718484480",1,1
"marco_w_s","328453671",1,1
"marco_w_s","707841704",1,1
"marcusschwemer","26718271",1,1
"mario_hau_afd","3448073356",1,1
"mario_hau_afd","4805291242",1,1
"markantdjpool","21703164",2,2
"markantdjpool","4008070679",1,1
"markus_soeder","1270731392",6,6
"markus_soeder","1552762753",1,1
"markus_soeder","21107582",3,3
"markus_soeder","2568369487",1,1
"markus_soeder","2722049123",2,2
"markus_soeder","2825601045",1,1
"markus_soeder","2906189369",1,1
"markus_soeder","2974882234",3,3
"markus_soeder","30869616",1,1
"markus_soeder","4181547357",1,1
"markus_soeder","4577700622",2,2
"markus_soeder","50285862",5,5
"markus_soeder","561455838",1,1
"markus_soeder","75498776",1,1
"markus_soeder","815241883626520577",1,1
"markus_soeder","925422438",1,1
"martinitier","27702294",1,1
"martinlindner","17782233",1,1
"martinlindner","951580298",1,1
"mayer_cecily","875749390606118913",1,1
"menschvorprofit","1262801960",1,1
"merkur_de","1349252810",1,1
"metzold","277183055",1,1
"metzold","553648377",1,1
"michaelb2861","1523098442",1,1
"michaelb2861","249620286",1,1
"michaelb2861","426611780",1,1
"michaelb2861","494163557",1,1
"michaelb2861","696077939289563136",1,1
"michaelb2861","811093269073526784",1,1
"mikeschier","17929525",1,1
"mikeschier","222041764",1,1
"mikeschier","3704102843",1,1
"mikeschier","484234525",1,1
"mikeschier","700751951252758528",1,1
"milkthesun","2785897560",1,1
"minza77","785158661110951936",1,1
"miro_becker","42291979",1,1
"miro_becker","811236553544626176",1,1
"mkaltental","861959629760233473",1,1
"mkrpooh","4802702181",1,1
"mme7","3050860931",1,1
"molosovsky","726364147571671040",1,1
"morgengagazin","3105483519",1,1
"morgengagazin","3395178346",1,1
"morgengagazin","779034430652424192",1,1
"moritz_wichmann","1087170164",1,1
"moritz_wichmann","138384467",1,1
"moritz_wichmann","1535719784",1,1
"moritz_wichmann","159146257",1,1
"moritz_wichmann","19618471",1,1
"moritz_wichmann","2180031792",1,1
"moritz_wichmann","2180243454",1,1
"moritz_wichmann","2250035412",1,1
"moritz_wichmann","2312431428",1,1
"moritz_wichmann","2572556132",1,1
"moritz_wichmann","3095645451",1,1
"moritz_wichmann","3254893888",1,1
"moritz_wichmann","3381707955",1,1
"moritz_wichmann","386130193",1,1
"moritz_wichmann","3909035603",1,1
"moritz_wichmann","40056556",1,1
"moritz_wichmann","4228336759",1,1
"moritz_wichmann","435781283",1,1
"moritz_wichmann","456689619",1,1
"moritz_wichmann","4729592175",1,1
"moritz_wichmann","4764911800",1,1
"moritz_wichmann","50600964",1,1
"moritz_wichmann","56672561",1,1
"moritz_wichmann","577889339",1,1
"moritz_wichmann","594858647",1,1
"moritz_wichmann","712375274",1,1
"moritz_wichmann","74951679",1,1
"moritz_wichmann","753640409067319296",1,1
"moritz_wichmann","919916520",1,1
"moritz_wichmann","94578712",1,1
"mufflkuchen","2287092128",1,1
"mufflkuchen","2699204405",1,1
"mufflkuchen","2979854817",1,1
"mufflkuchen","3302455137",1,1
"mufflkuchen","727998787646590976",1,1
"mufflkuchen","733179702341406720",1,1
"mufflkuchen","884369357144559618",1,1
"munichfan87","426664583",1,1
"muschelschloss","148860497",1,1
"muschelschloss","193825624",2,2
"muschelschloss","2333807252",1,1
"muschelschloss","2934858075",1,1
"muschelschloss","3292593735",1,1
"muschelschloss","3408569104",1,1
"muschelschloss","68690820",1,1
"muschelschloss","71282618",1,1
"mxaxxxi","127505576",1,1
"mxaxxxi","72141934",1,1
"ndaktuell","10733552",1,1
"ndaktuell","1405711357",1,1
"ndaktuell","15177954",1,1
"ndaktuell","21406149",1,1
"ndaktuell","21809931",1,1
"ndaktuell","222041764",1,1
"ndaktuell","2791406556",1,1
"ndaktuell","2969405391",1,1
"ndaktuell","3333472402",1,1
"ndaktuell","3366403426",1,1
"ndaktuell","3387292427",1,1
"ndaktuell","3634711637",1,1
"ndaktuell","383431743",1,1
"ndaktuell","54232520",1,1
"ndaktuell","550192983",1,1
"ndaktuell","562736610",1,1
"ndaktuell","717294239",1,1
"ndaktuell","776148674091094016",1,1
"ndaktuell","796353060821864449",1,1
"ndaktuell","796438488191270916",1,1
"netterversuch","14523931",1,1
"netterversuch","432827037",1,1
"netterversuch","4689881370",1,1
"netzwerkggs21","1204230853",1,1
"nicki100001","20967700",1,1
"nicolaus_fest","2964402359",1,1
"norbertseidl1","1580606461",1,1
"nordbayern","16239833",1,1
"nordbayern","290039352",1,1
"nordbayern","710523754842034181",1,1
"nordbayern","910774390777925632",1,1
"ntvde","28081416",1,1
"ntvde","328453671",1,1
"ntvde","55178663",1,1
"ntvde","955406168",1,1
"nz_online","16239833",1,1
"nz_online","18306014",1,1
"nz_online","702507878230462464",1,1
"oedpduesseldorf","217789469",1,1
"oekohofflaeming","582227284",1,1
"onestepbayond","1407192332",1,1
"onestepbayond","56394959",1,1
"oniondogster","716575120307929088",1,1
"pa1n09","77865486",1,1
"pascal_hesse","12377102",1,1
"pascal_hesse","225686292",1,1
"pascal_hesse","22914851",1,1
"pascal_hesse","247000839",1,1
"pascal_hesse","77806089",1,1
"pascal_hesse","887521820",1,1
"patriciaakoller","4008070679",1,1
"patriciaakoller","881564226208378880",2,2
"pbeutel","2270148584",2,2
"pbeutel","4742666907",1,1
"pebru23","1548194635",1,1
"pebru23","2539781841",1,1
"pebru23","376644535",1,1
"pebru23","4621226295",1,1
"pebru23","817842489814118401",1,1
"pegida2016","2502606786",1,1
"pegida2016","2858942219",1,1
"pegida2016","2960137859",1,1
"pegida2016","3302862255",1,1
"pegida2016","3331775393",1,1
"pegida2016","4527127899",1,1
"pegida2016","513593005",1,1
"pegida2016","614142790",1,1
"peter_simone","1674106142",1,1
"peter_simone","199803375",1,1
"peter_simone","2937543735",1,1
"peter_simone","3803101",1,1
"peter_simone","576573151",1,1
"peter_simone","832941372336377857",1,1
"peter_simone","893011415677775872",1,1
"peter_simone","904493208",1,1
"peterabo1","4883521990",1,1
"peterabo1","708339339990794240",1,1
"peterabo1","823411549054390272",1,1
"peterroger17","1059206690",1,1
"peterroger17","2502606786",2,2
"peterroger17","755302681334452224",1,1
"peterroger17","757382733748379648",1,1
"peterroger17","816717166900809729",1,1
"peterroger17","817842489814118401",1,1
"peterroger17","836338243364876290",1,1
"petrabentele","103383073",1,1
"pfinkelgruen","4850630195",1,1
"philhackemann","188079988",1,1
"phoenix_de","714386061833728001",1,1
"phoenix_de","883809587853492225",1,1
"picadofogo","909172022651113473",1,1
"piratenpartei","430787937",1,1
"piratenpartei","582243157",1,1
"pmachinery","1263990463",1,1
"pmachinery","259638173",1,1
"pmachinery","265392958",1,1
"prof_buehler","2250406740",1,1
"prognosumfragen","1059206690",1,1
"prognosumfragen","1169093844",1,1
"prognosumfragen","1470650814",1,1
"prognosumfragen","2574015361",1,1
"prognosumfragen","3304480665",1,1
"prognosumfragen","4704069565",1,1
"prognosumfragen","4728055179",2,2
"prognosumfragen","482408064",3,3
"prognosumfragen","60913670",1,1
"prognosumfragen","803647592546660352",1,1
"prognosumfragen","816717166900809729",3,3
"prognosumfragen","855697907533664256",1,1
"querkopfrobot","290726218",1,1
"questoph","61145089",1,1
"radio_arabella","2330388670",1,1
"rainerrogge","266110572",1,1
"rainerrogge","40628438",1,1
"rainerrogge","43736987",2,2
"rbb24","1216577796",1,1
"rbb24","1224200468",1,1
"rbb24","122448186",1,1
"rbb24","12528592",1,1
"rbb24","127289951",1,1
"rbb24","1285301984",3,3
"rbb24","1686249662",1,1
"rbb24","17616581",1,1
"rbb24","18567270",1,1
"rbb24","18669682",3,3
"rbb24","218809691",1,1
"rbb24","22778541",3,3
"rbb24","24657368",1,1
"rbb24","249704490",1,1
"rbb24","25172118",1,1
"rbb24","2587605783",1,1
"rbb24","2682824893",1,1
"rbb24","2935548437",1,1
"rbb24","3026831427",1,1
"rbb24","305553063",1,1
"rbb24","31752363",1,1
"rbb24","3297018921",1,1
"rbb24","37432015",1,1
"rbb24","3836788697",1,1
"rbb24","4714711828",1,1
"rbb24","4766834668",1,1
"rbb24","491838939",1,1
"rbb24","526335831",1,1
"rbb24","586442271",2,2
"rbb24","617807433",1,1
"rbb24","715144643390914560",1,1
"rbb24","715591916885315584",1,1
"rbb24","758964255597015041",1,1
"rbb24","765842307765657600",1,1
"rbb24","772005621633847296",1,1
"rbb24","772961048081162240",1,1
"rbb24","78276177",1,1
"rbb24","790945598128197633",1,1
"rbb24","796816093",1,1
"rbb24","811122575661268992",1,1
"rbb24","811515368443445248",1,1
"rbb24","962203008",2,2
"rbb24","986447624",1,1
"realmartinhagen","2998065586",1,1
"reinboth","20091891",1,1
"reinboth","94837280",1,1
"reuters_de","461448063",1,1
"reuters_de","729305769171136512",1,1
"reuters_de","974317903",1,1
"rex_cramer","67579925",1,1
"rick_nrw","375531518",1,1
"riesepeter","546582263",1,1
"rneuhann","1957517246",1,1
"rneuhann","28081416",1,1
"rneuhann","2893555155",1,1
"roansub","942226236",1,1
"robert_fietzke","133396516",1,1
"robert_fietzke","18168510",1,1
"robert_fietzke","2969405391",1,1
"robert_fietzke","471952016",1,1
"robert_fietzke","73862753",1,1
"ronaldlaessig","1042267028",1,1
"ronaldlaessig","107241204",1,1
"ronaldlaessig","1196300142",1,1
"ronaldlaessig","124169534",1,1
"ronaldlaessig","14635196",1,1
"ronaldlaessig","1864102783",1,1
"ronaldlaessig","1908021835",1,1
"ronaldlaessig","2209113199",1,1
"ronaldlaessig","224159675",1,1
"ronaldlaessig","2334451101",1,1
"ronaldlaessig","2496792297",1,1
"ronaldlaessig","2650187851",1,1
"ronaldlaessig","2843523178",1,1
"ronaldlaessig","309712179",3,3
"ronaldlaessig","3200012582",1,1
"ronaldlaessig","3304480665",1,1
"ronaldlaessig","35198937",1,1
"ronaldlaessig","390616461",1,1
"ronaldlaessig","4203995632",1,1
"ronaldlaessig","426611780",1,1
"ronaldlaessig","45381024",1,1
"ronaldlaessig","489222890",1,1
"ronaldlaessig","713492087346429952",1,1
"ronaldlaessig","715640125607251969",1,1
"ronaldlaessig","719051806744178688",1,1
"ronaldlaessig","719457888289296384",1,1
"ronaldlaessig","741646773115064320",1,1
"ronaldlaessig","757846986506719232",1,1
"ronaldlaessig","769931743352807424",1,1
"ronaldlaessig","808725472553168897",1,1
"ronaldlaessig","817842489814118401",1,1
"ronaldlaessig","899308266748080128",1,1
"ronniegrob","3354713007",1,1
"roter_ritter","198089759",1,1
"roter_ritter","2650331017",1,1
"roter_ritter","422528004",1,1
"roter_ritter","45527161",1,1
"sabine_m_b","1552982012",1,1
"sabine_m_b","158443715",1,1
"sabine_m_b","175772813",1,1
"sabine_m_b","2465907259",1,1
"sabine_m_b","4228788018",1,1
"sabine_m_b","628046813",1,1
"sabine_m_b","737365560753819653",1,1
"sabine_m_b","825730639194361856",1,1
"sabine_m_b","861828918",1,1
"saftiis","2695026032",1,1
"salvanize","787510578",1,1
"salzmanufaktur","884887711374508033",1,1
"saschaulbrich","1043296272",1,1
"saschaulbrich","1337303960",1,1
"saschaulbrich","259638173",1,1
"saschaulbrich","288913727",1,1
"saschaulbrich","2998665491",1,1
"saschaulbrich","4187629275",1,1
"saschaulbrich","66321622",1,1
"saschaulbrich","808698164761034752",1,1
"saschaulbrich","832571921598406657",1,1
"saschaulbrich","850945093565644801",1,1
"saschaulbrich","855824260715118594",1,1
"saschaulbrich","887334582634328065",1,1
"saschaulbrich","904044880195936256",1,1
"saschaulbrich","907347689846833152",1,1
"saschaulbrich","974317903",1,1
"schneeridara","2208817489",1,1
"schneeridara","707933844448677889",1,1
"schneeridara","825730639194361856",1,1
"schwarzerkater5","210808629",2,2
"schwarzerkater5","617093358",1,1
"seidel_wolfgang","222440532",1,1
"seidel_wolfgang","234333247",1,1
"seidel_wolfgang","84045279",1,1
"sekor","472676663",1,1
"sekor","636263628",1,1
"sekor","90610069",1,1
"selbherr","103126847",1,1
"sharebenhaufen","18601517",1,1
"simon_guenther","3709793117",1,1
"sip_media","50756702",1,1
"sirschnee","327278213",1,1
"sirschnee","53018424",1,1
"sirschnee","708041826058559489",2,2
"sirschnee","799471710051438592",2,2
"sirschnee","816717166900809729",2,2
"sirschnee","832320651381899264",1,1
"sirschnee","904642792605003777",1,1
"skaenda","832320651381899264",1,1
"slorz","113371429",1,1
"sollylectric","1256954707",1,1
"stadtbienen","4889282517",1,1
"stanilein","2330388670",1,1
"starrysky4mj","2920002778",1,1
"stefanswelt","614142790",1,1
"stephanjbauer","2609273127",1,1
"stephanjbauer","436209138",1,1
"stephanjbauer","733179702341406720",1,1
"stephanjbauer","811093269073526784",1,1
"stimmbuerger","3292593735",1,1
"stimmbuerger","399900593",1,1
"stimmbuerger","402960835",1,1
"stimmbuerger","885952021",6,6
"strack_c","1131404527",1,1
"strack_c","1361415758",1,1
"strack_c","6027992",1,1
"sumymus","270362730",1,1
"sven_giegold","1166145804",1,1
"sven_giegold","210354218",1,1
"sven_giegold","321904095",1,1
"sven_giegold","50982806",1,1
"svenboell","1160077218",1,1
"svenboell","2894404299",1,1
"svenboell","2924478692",1,1
"svenboell","710419263891308544",1,1
"svenkessler","2762186177",1,1
"svennemeth","4428299182",1,1
"svostrow","1059206690",1,1
"svostrow","755302681334452224",1,1
"swagenknecht","17779603",1,1
"tagesthemen","787774580",1,1
"tagesthemen","958667540",1,1
"taguerness","842118367",2,2
"taguerness","951525006",3,3
"tatjanaweller","2964402359",1,1
"tcsmuc","125570941",1,1
"tgd_att","889440828749492225",1,1
"theckcristal","2717505726",1,1
"theseus42","1073575524",3,3
"thomar4711","16264752",1,1
"thomar4711","2972301658",1,1
"thomaschke","830750702754476033",1,1
"thomasmichael71","23831095",1,1
"tinobucksch","4697145092",1,1
"tinobucksch","870642769206927360",1,1
"tlnue","1833496080",1,1
"tlnue","2527815351",1,1
"tobithewild","204457266",1,1
"tobithewild","30628861",1,1
"tomkoehler252","21188017",1,1
"tomkoehler252","3395178346",1,1
"tomkoehler252","4141262475",1,1
"tomkoehler252","722734226362253312",1,1
"tomkoehler252","884887711374508033",1,1
"tradingtheponzi","941457192",1,1
"transparency_de","1760561",1,1
"transparency_de","17682232",1,1
"transparency_de","19864546",1,1
"transparency_de","21561064",1,1
"transparency_de","2969405391",1,1
"transparency_de","374314410",1,1
"transparency_de","395976941",1,1
"transparency_de","40628438",1,1
"transparency_de","58422829",1,1
"transparency_de","71877038",1,1
"traumdiebe","2502606786",1,1
"tspwahl","15544824",1,1
"tspwahl","18168510",1,1
"tspwahl","19539680",1,1
"tspwahl","2275067694",1,1
"tspwahl","22926365",3,3
"tspwahl","2588151718",1,1
"tspwahl","288134934",1,1
"tspwahl","3349670518",1,1
"tspwahl","358314880",1,1
"tspwahl","59085146",1,1
"tspwahl","723896182167187457",1,1
"tv_oberfranken","19857743",1,1
"tv_oberfranken","2440158972",2,2
"tv_oberfranken","590083875",1,1
"tv_oberfranken","792291916348006400",1,1
"u98","103409417",1,1
"u98","16618617",1,1
"u98","58445939",1,1
"uli9bu","3119096980",1,1
"umweltdrucker","262620669",1,1
"umweltdrucker","89901677",1,1
"urbster","256560628",1,1
"ursulagresser2","964757678",1,1
"v_palme","1222045254",1,1
"v_palme","197405534",1,1
"v_palme","259638173",1,1
"v_palme","2635598825",1,1
"v_palme","2817931146",1,1
"v_palme","340541943",1,1
"v_palme","3569588535",1,1
"v_palme","4569352401",2,2
"v_palme","810957560723505152",1,1
"v_palme","887334582634328065",1,1
"v_palme","887583355503599616",1,1
"vanberlichingen","2581862881",1,1
"vanberlichingen","808725472553168897",1,1
"vanberlichingen","878654234",1,1
"vincentkiefer","20927595",1,1
"vvnbdanrw","899817114697117698",1,1
"waehlen","17290634",1,1
"waehlen","7267142",1,1
"wahlumfrage","1119922741",1,1
"wahlumfrage","127505576",1,1
"wahlumfrage","2819597375",1,1
"wahlumfrage","3362871814",1,1
"wahlumfrage","34887727",1,1
"wahlumfrage","719051806744178688",1,1
"wahlumfrage","72141934",1,1
"wahlumfrage","769659281851424768",1,1
"wahlumfrage","841768687245918208",1,1
"wahlumfragen1","24215355",1,1
"walkoflife66","899212735770218497",1,1
"watch_union","1033552842",2,2
"watch_union","1048591105",1,1
"watch_union","1053361368",1,1
"watch_union","115017977",1,1
"watch_union","1166986651",1,1
"watch_union","11934922",1,1
"watch_union","1214861312",1,1
"watch_union","1384922461",1,1
"watch_union","138848359",1,1
"watch_union","1407192332",2,2
"watch_union","1410789368",1,1
"watch_union","1478611",1,1
"watch_union","148689514",5,5
"watch_union","154543694",1,1
"watch_union","1570540154",1,1
"watch_union","159146257",6,6
"watch_union","1653312679",1,1
"watch_union","1895816748",1,1
"watch_union","19344718",1,1
"watch_union","19550301",1,1
"watch_union","1971150385",1,1
"watch_union","202110041",1,1
"watch_union","2198723234",2,2
"watch_union","222041764",4,4
"watch_union","2275067694",2,2
"watch_union","2333807252",14,14
"watch_union","2388444706",2,2
"watch_union","242504661",2,2
"watch_union","2571579528",1,1
"watch_union","2577403796",1,1
"watch_union","2676799425",1,1
"watch_union","28958701",1,1
"watch_union","2972301658",1,1
"watch_union","2974996144",2,2
"watch_union","2983919681",2,2
"watch_union","2989997703",1,1
"watch_union","2991922192",1,1
"watch_union","3011224121",1,1
"watch_union","302576057",1,1
"watch_union","3218963007",1,1
"watch_union","3259700481",12,12
"watch_union","328453671",1,1
"watch_union","3435098847",4,4
"watch_union","3435720711",1,1
"watch_union","344906735",5,5
"watch_union","358665130",1,1
"watch_union","3630409336",1,1
"watch_union","3646563859",2,2
"watch_union","366269505",1,1
"watch_union","392264201",1,1
"watch_union","4008070679",3,3
"watch_union","4045056147",1,1
"watch_union","404779717",1,1
"watch_union","40628438",2,2
"watch_union","423682871",1,1
"watch_union","429226338",1,1
"watch_union","44315494",2,2
"watch_union","470633689",1,1
"watch_union","4724747236",2,2
"watch_union","473725876",1,1
"watch_union","4893166881",1,1
"watch_union","495723523",1,1
"watch_union","51600405",1,1
"watch_union","516050770",1,1
"watch_union","531186662",1,1
"watch_union","54169685",1,1
"watch_union","554580273",1,1
"watch_union","573868766",1,1
"watch_union","580000094",1,1
"watch_union","614142790",1,1
"watch_union","615506650",3,3
"watch_union","617437999",1,1
"watch_union","700459702572945408",1,1
"watch_union","707841704",2,2
"watch_union","712341219716833280",1,1
"watch_union","713530218300981248",8,8
"watch_union","71513729",2,2
"watch_union","72319491",1,1
"watch_union","726364147571671040",7,7
"watch_union","729986706917752832",1,1
"watch_union","743806235506581504",1,1
"watch_union","772961048081162240",3,3
"watch_union","775035866523791360",1,1
"watch_union","776014169774690304",2,2
"watch_union","780796802387685376",1,1
"watch_union","78436225",1,1
"watch_union","794684461707358208",1,1
"watch_union","801476435277971456",8,8
"watch_union","822547266321993729",1,1
"watch_union","828658173242380288",1,1
"watch_union","834360316112822272",1,1
"watch_union","838967257934016515",3,3
"watch_union","842340388547485696",1,1
"watch_union","843461268774293504",1,1
"watch_union","846803883997433856",2,2
"watch_union","852445146704728064",1,1
"watch_union","859101343356772353",1,1
"watch_union","875450142500864000",2,2
"watch_union","884783160822816768",11,11
"watch_union","894456789999259649",3,3
"watch_union","904409696844615684",1,1
"watch_union","908461507448643584",2,2
"watch_union","912874382",1,1
"watch_union","934223935",1,1
"watch_union","942226236",1,1
"watch_union","960768852",2,2
"wbgkhr","125570941",1,1
"wbgkhr","150674549",1,1
"wbgkhr","227330711",1,1
"wbgkhr","2301925466",1,1
"wdr2","1487758446",1,1
"wdr2","158097335",1,1
"wdr2","19609062",1,1
"wdr2","3348574959",1,1
"wdr2","732469345809399808",1,1
"welt","2827108294",1,1
"welt_glasauge","193637050",1,1
"welt_glasauge","895599401481019393",1,1
"weltpolitik","54169685",1,1
"wernerlenhard","259638173",1,1
"willygyn12","744939646682079232",1,1
"wochenblattla","468854179",1,1
"woiddahoam","582243157",1,1
"wolfgangschrapp","233932416",1,1
"wolfgangschrapp","890187440132161536",1,1
"wolfheilmann","115379440",1,1
"wolfheilmann","12205972",1,1
"wolfheilmann","1250104874",1,1
"wolfheilmann","16217784",1,1
"wolfheilmann","21097296",1,1
"wolfheilmann","21813579",1,1
"wolfheilmann","222041764",1,1
"wolfheilmann","2574797164",1,1
"wolfheilmann","28081416",1,1
"wolfheilmann","2843523178",1,1
"wolfheilmann","304041551",1,1
"wolfheilmann","340268907",1,1
"wolfheilmann","49358016",1,1
"wolfheilmann","520752844",1,1
"wolfheilmann","56761116",1,1
"wolfheilmann","636603",1,1
"wolfheilmann","797808596",2,2
"wolfheilmann","96850673",1,1
"wolflorenz","113136313",1,1
"worrius","288134934",2,2
"worrius","815828769739079681",1,1
"wunderk19682528","2746361571",1,1
"xholonx","1088701314",1,1
"ysselar","1133990527",1,1
"zantofff","2328794790",1,1
"zeichentaten","19550301",1,1
"zeitiger","108982683",1,1
"zenturio1","884887711374508033",1,1
"zora_211212","4802702181",1,1
"zukunftskinder","1198575932",1,1
"zukunftskinder","1546622762",1,1
"zukunftskinder","1552982012",1,1
"zukunftskinder","1884294697",1,1
"zukunftskinder","212003801",1,1
"zukunftskinder","265392958",1,1
"zukunftskinder","2803664936",1,1
"zukunftskinder","290726218",1,1
"zukunftskinder","2999837297",1,1
"zukunftskinder","3296433367",1,1
"zukunftskinder","3427951089",1,1
"zukunftskinder","591422285",1,1
"zukunftskinder","755302681334452224",1,1
"zukunftskinder","757584921267433472",1,1
"zukunftskinder","796257247282262016",1,1
"zukunftskinder","816717166900809729",1,1
"zukunftskinder","821026654256435200",1,1
"zukunftskinder","825730639194361856",1,1
"zukunftskinder","832320651381899264",1,1
"zukunftskinder","834899551643451396",1,1
"zukunftskinder","853572263760867328",1,1
"zukunftskinder","855824260715118594",1,1
"zukunftskinder","885178865513095168",1,1
"zukunftskinder","899212735770218497",1,1
"zukunftskinder","909172022651113473",1,1
"zukunftskinder","910600482833477632",1,1
